,QS-based composition,MLaaS_CS,QualityCategory,model category,Rule-Based AC
0,1,1,0,Minist16,0
1,1,1,0,Minist16,0
2,1,1,0,Minist16,0
3,1,0,0,Minist16,0
4,1,1,0,Minist16,0
5,1,0,0,Minist16,0
6,1,0,0,Minist16,0
7,1,0,0,Minist16,1
8,1,0,0,Minist16,0
9,1,0,0,Minist16,1
10,1,1,0,Minist16,1
11,1,0,0,Minist16,1
12,1,0,0,Minist16,0
13,1,0,0,Minist16,1
14,0,0,0,Minist16,0
15,0,0,0,Minist16,0
16,0,0,0,Minist16,0
17,0,0,0,Minist16,0
18,0,0,0,Minist16,0
19,1,0,0,Minist16,0
20,1,0,0,Minist16,0
21,1,0,0,Minist16,0
22,1,0,0,Minist16,0
23,1,0,0,Minist16,0
24,1,0,0,Minist16,0
25,1,0,0,Minist16,0
26,1,0,0,Minist16,0
27,1,0,0,Minist16,0
28,1,0,0,Minist16,0
29,1,0,0,Minist16,0
30,1,0,0,Minist16,0
31,1,0,0,Minist16,0
32,1,0,0,Minist16,0
33,1,0,0,Minist16,0
34,0,0,0,Minist16,0
35,0,0,0,Minist16,0
36,0,0,0,Minist16,0
37,0,0,0,Minist16,0
38,0,0,0,Minist16,0
39,1,0,0,Minist16,0
40,1,0,0,Minist16,1
41,1,0,0,Minist16,1
42,1,0,0,Minist16,0
43,1,0,0,Minist16,0
44,1,0,0,Minist16,0
45,1,0,0,Minist16,0
46,1,0,0,Minist16,1
47,1,0,0,Minist16,1
48,1,0,0,Minist16,0
49,1,0,0,Minist16,1
50,1,0,0,Minist16,1
51,1,0,0,Minist16,0
52,1,0,0,Minist16,1
53,1,0,0,Minist16,0
54,0,0,0,Minist16,0
55,0,0,0,Minist16,0
56,0,0,0,Minist16,0
57,0,0,0,Minist16,0
58,0,0,0,Minist16,0
59,1,0,0,Minist16,1
60,1,0,0,Minist16,0
61,1,0,0,Minist16,1
62,1,0,0,Minist16,1
63,1,0,0,Minist16,1
64,1,0,0,Minist16,1
65,1,0,0,Minist16,1
66,1,0,0,Minist16,1
67,1,0,0,Minist16,0
68,1,0,0,Minist16,1
69,1,0,0,Minist16,1
70,1,0,0,Minist16,1
71,1,0,0,Minist16,1
72,1,0,0,Minist16,1
73,1,0,0,Minist16,1
74,0,0,0,Minist16,0
75,0,0,0,Minist16,0
76,0,0,0,Minist16,0
77,0,0,0,Minist16,0
78,0,0,0,Minist16,0
79,0,0,0,Minist16,0
80,0,0,0,Minist16,0
81,0,0,0,Minist16,0
82,0,0,0,Minist16,0
83,0,0,0,Minist16,0
84,0,0,0,Minist16,0
85,0,0,0,Minist16,0
86,0,0,0,Minist16,0
87,0,0,0,Minist16,0
88,0,0,0,Minist16,0
89,0,0,0,Minist16,0
90,0,0,0,Minist16,0
91,0,0,0,Minist16,0
92,0,0,0,Minist16,0
93,0,0,0,Minist16,0
94,0,0,0,Minist16,0
95,0,0,0,Minist16,0
96,0,0,0,Minist16,0
97,0,0,0,Minist16,0
98,0,0,0,Minist16,0
99,0,0,0,Minist16,0
100,0,0,0,Minist16,0
101,0,0,0,Minist16,0
102,0,0,0,Minist16,0
103,0,0,0,Minist16,0
104,0,0,0,Minist16,0
105,0,0,0,Minist16,0
106,0,0,0,Minist16,0
107,0,0,0,Minist16,0
108,0,0,0,Minist16,0
109,0,0,0,Minist16,0
110,0,0,0,Minist16,0
111,0,0,0,Minist16,0
112,0,0,0,Minist16,0
113,0,0,0,Minist16,0
114,0,0,0,Minist16,0
115,0,0,0,Minist16,0
116,0,0,0,Minist16,0
117,0,0,0,Minist16,0
118,0,0,0,Minist16,0
119,0,1,0,Minist16,0
120,0,0,0,Minist16,0
121,0,0,0,Minist16,0
122,0,1,0,Minist16,0
123,0,1,0,Minist16,0
124,0,0,0,Minist16,0
125,0,0,0,Minist16,0
126,0,1,0,Minist16,0
127,0,1,0,Minist16,0
128,1,1,1,Minist32,1
129,1,1,1,Minist32,1
130,1,1,1,Minist32,1
131,1,1,1,Minist32,1
132,1,1,1,Minist32,1
133,1,1,1,Minist32,1
134,1,1,1,Minist32,1
135,1,1,1,Minist32,1
136,1,1,1,Minist32,1
137,1,1,1,Minist32,1
138,1,1,1,Minist32,0
139,1,1,1,Minist32,0
140,1,1,1,Minist32,1
141,1,1,1,Minist32,1
142,1,1,1,Minist32,1
143,1,1,1,Minist32,1
144,1,1,1,Minist32,1
145,1,1,1,Minist32,1
146,1,1,1,Minist32,1
147,1,1,1,Minist32,1
148,1,1,1,Minist32,1
149,1,1,1,Minist32,1
150,1,1,1,Minist32,1
151,1,1,1,Minist32,1
152,1,1,1,Minist32,1
153,1,1,1,Minist32,1
154,1,1,1,Minist32,1
155,1,1,1,Minist32,1
156,1,1,1,Minist32,1
157,1,1,1,Minist32,1
158,1,1,1,Minist32,1
159,1,1,1,Minist32,1
160,1,1,1,Minist32,1
161,1,1,1,Minist32,1
162,1,1,1,Minist32,1
163,1,1,1,Minist32,1
164,1,1,1,Minist32,1
165,1,1,1,Minist32,1
166,1,1,1,Minist32,1
167,1,1,1,Minist32,1
168,1,1,1,Minist32,1
169,1,1,1,Minist32,1
170,1,1,1,Minist32,1
171,1,1,1,Minist32,1
172,1,1,1,Minist32,1
173,1,1,1,Minist32,1
174,1,1,1,Minist32,1
175,1,1,1,Minist32,1
176,1,1,1,Minist32,1
177,1,1,1,Minist32,1
178,1,1,1,Minist32,1
179,1,1,1,Minist32,1
180,1,1,1,Minist32,1
181,1,0,1,Minist32,1
182,1,1,1,Minist32,1
183,1,1,1,Minist32,1
184,1,1,1,Minist32,1
185,1,1,1,Minist32,1
186,1,1,1,Minist32,1
187,1,1,1,Minist32,1
188,1,1,1,Minist32,1
189,1,1,1,Minist32,1
190,1,1,1,Minist32,1
191,1,1,1,Minist32,1
192,1,1,1,Minist32,1
193,1,1,1,Minist32,1
194,0,0,0,Minist32,0
195,1,1,1,Minist32,1
196,1,1,1,Minist32,1
197,1,1,1,Minist32,1
198,1,1,1,Minist32,1
199,1,1,1,Minist32,1
200,1,1,1,Minist32,1
201,1,0,0,Minist32,1
202,1,0,1,Minist32,1
203,1,1,1,Minist32,1
204,1,1,1,Minist32,1
205,1,1,1,Minist32,1
206,1,0,0,Minist32,0
207,0,1,0,Minist32,0
208,1,1,1,Minist32,0
209,1,1,1,Minist32,1
210,1,1,1,Minist32,1
211,1,1,1,Minist32,1
212,1,1,1,Minist32,1
213,1,1,1,Minist32,1
214,1,0,0,Minist32,1
215,1,1,1,Minist32,1
216,1,1,1,Minist32,1
217,1,0,0,Minist32,0
218,0,1,0,Minist32,0
219,1,1,1,Minist32,1
220,1,1,1,Minist32,0
221,1,1,1,Minist32,1
222,1,1,1,Minist32,1
223,1,1,1,Minist32,1
224,1,1,1,Minist32,1
225,1,0,0,Minist32,0
226,1,1,1,Minist32,0
227,1,1,1,Minist32,1
228,1,1,1,Minist32,1
229,1,0,0,Minist32,0
230,0,0,0,Minist32,0
231,0,0,0,Minist32,0
232,0,0,0,Minist32,0
233,1,0,0,Minist32,0
234,1,0,1,Minist32,1
235,1,0,1,Minist32,1
236,1,1,1,Minist32,0
237,1,1,1,Minist32,1
238,1,1,1,Minist32,1
239,1,1,1,Minist32,1
240,1,1,1,Minist32,1
241,1,1,1,Minist32,1
242,1,0,0,Minist32,1
243,1,1,1,Minist32,1
244,1,1,1,Minist32,1
245,1,1,1,Minist32,1
246,1,1,1,Minist32,0
247,1,1,1,Minist32,0
248,1,0,0,Minist32,0
249,1,1,1,Minist32,0
250,1,1,1,Minist32,0
251,1,1,1,Minist32,0
252,0,0,0,Minist32,0
253,1,1,1,Minist32,0
254,1,1,0,Minist32,0
255,0,1,0,Minist32,0
256,1,1,1,Minist32,0
257,1,1,1,Minist32,0
258,1,0,0,Minist32,0
259,1,1,1,Minist32,0
260,1,1,1,Minist32,0
261,1,1,1,Minist32,0
262,1,0,0,Minist32,0
263,1,1,1,Minist32,0
264,1,1,0,Minist32,0
265,1,0,1,Minist32,0
266,1,1,0,Minist32,0
267,1,1,1,Minist32,0
268,1,1,1,Minist32,0
269,1,0,0,Minist32,0
270,1,1,0,Minist32,0
271,1,1,1,Minist32,0
272,1,1,1,Minist32,0
273,1,0,0,Minist32,0
274,1,1,1,Minist32,0
275,0,0,0,Minist32,0
276,0,0,0,Minist32,0
277,0,0,0,Minist32,0
278,0,0,0,Minist32,0
279,1,0,0,Minist32,0
280,1,0,0,Minist32,0
281,1,0,0,Minist32,0
282,1,0,0,Minist32,0
283,1,0,0,Minist32,0
284,1,0,0,Minist32,0
285,1,0,0,Minist32,0
286,1,0,0,Minist32,0
287,1,1,1,Minist32,0
288,0,1,0,Minist32,0
289,0,1,0,Minist32,0
290,1,0,1,Minist32,0
291,1,1,1,Minist32,0
292,1,1,1,Minist32,0
293,1,0,0,Minist32,0
294,1,1,1,Minist32,0
295,1,1,1,Minist32,0
296,1,1,1,Minist32,0
297,1,0,0,Minist32,0
298,1,1,1,Minist32,0
299,1,1,0,Minist32,0
300,1,1,1,Minist64,0
301,1,1,1,Minist64,0
302,1,1,1,Minist64,0
303,1,1,1,Minist64,0
304,1,1,1,Minist64,0
305,1,1,1,Minist64,0
306,1,1,1,Minist64,0
307,1,1,1,Minist64,0
308,1,1,1,Minist64,0
309,1,1,1,Minist64,0
310,1,1,1,Minist64,0
311,1,1,1,Minist64,0
312,1,1,1,Minist64,0
313,1,1,1,Minist64,0
314,1,1,1,Minist64,0
315,1,1,1,Minist64,0
316,1,1,1,Minist64,0
317,1,1,1,Minist64,0
318,1,1,1,Minist64,0
319,1,1,1,Minist64,0
320,1,1,1,Minist64,0
321,1,1,1,Minist64,0
322,1,1,1,Minist64,0
323,1,1,1,Minist64,0
324,1,1,1,Minist64,0
325,1,1,1,Minist64,0
326,1,1,1,Minist64,0
327,1,1,1,Minist64,0
328,1,1,1,Minist64,0
329,1,1,1,Minist64,0
330,1,1,1,Minist64,0
331,1,1,1,Minist64,0
332,1,1,1,Minist64,0
333,1,1,1,Minist64,1
334,1,1,1,Minist64,0
335,1,1,1,Minist64,1
336,1,1,1,Minist64,0
337,1,1,1,Minist64,0
338,1,1,1,Minist64,0
339,1,1,1,Minist64,0
340,1,1,1,Minist64,0
341,1,1,1,Minist64,0
342,1,1,1,Minist64,1
343,1,1,1,Minist64,0
344,1,1,1,Minist64,0
345,1,1,1,Minist64,0
346,1,1,1,Minist64,0
347,1,1,1,Minist64,0
348,1,1,1,Minist64,0
349,1,1,1,Minist64,0
350,1,1,1,Minist64,0
351,1,1,1,Minist64,0
352,1,1,1,Minist64,1
353,1,1,1,Minist64,0
354,1,1,1,Minist64,0
355,1,1,1,Minist64,1
356,1,1,1,Minist64,0
357,1,1,1,Minist64,0
358,1,1,1,Minist64,1
359,1,1,1,Minist64,0
360,1,1,1,Minist64,0
361,1,1,1,Minist64,0
362,1,1,1,Minist64,0
363,1,1,1,Minist64,0
364,1,1,1,Minist64,0
365,1,1,1,Minist64,1
366,1,1,1,Minist64,0
367,1,1,1,Minist64,0
368,1,1,1,Minist64,1
369,1,1,1,Minist64,0
370,1,1,1,Minist64,1
371,1,1,1,Minist64,0
372,1,1,1,Minist64,0
373,1,1,1,Minist64,0
374,1,1,1,Minist64,0
375,1,1,1,Minist64,0
376,1,1,1,Minist64,0
377,1,1,1,Minist64,0
378,1,1,1,Minist64,0
379,1,1,1,Minist64,0
380,1,1,1,Minist64,0
381,1,1,1,Minist64,1
382,1,1,1,Minist64,0
383,1,1,1,Minist64,0
384,1,1,1,Minist64,0
385,1,1,1,Minist64,0
386,1,1,1,Minist64,0
387,1,1,1,Minist64,0
388,1,1,1,Minist64,0
389,1,1,1,Minist64,0
390,1,1,1,Minist64,0
391,1,1,1,Minist64,0
392,1,1,1,Minist64,0
393,1,1,1,Minist64,0
394,1,1,1,Minist64,0
395,1,1,1,Minist64,0
396,1,1,1,Minist64,0
397,1,1,1,Minist64,0
398,1,1,1,Minist64,0
399,1,1,1,Minist64,0
400,1,1,1,Minist64,0
401,1,1,1,Minist64,0
402,1,1,1,Minist64,0
403,1,1,1,Minist64,0
404,1,1,1,Minist64,0
405,1,1,1,Minist64,1
406,1,1,1,Minist64,0
407,1,1,1,Minist64,0
408,1,1,1,Minist64,0
409,1,1,1,Minist64,0
410,1,1,1,Minist64,0
411,1,1,1,Minist64,0
412,1,1,1,Minist64,0
413,1,1,1,Minist64,0
414,1,1,1,Minist64,0
415,1,1,1,Minist64,0
416,1,1,1,Minist64,0
417,1,1,1,Minist64,0
418,1,1,1,Minist64,0
419,1,1,1,Minist64,0
420,1,1,1,Minist64,0
421,1,1,1,Minist64,0
422,1,1,1,Minist64,0
423,1,1,1,Minist64,1
424,1,1,1,Minist64,0
425,1,1,1,Minist64,0
426,1,1,1,Minist64,0
427,1,1,1,Minist64,1
428,1,1,1,Minist64,0
429,1,1,1,Minist64,0
430,1,1,1,Minist64,0
431,1,1,1,Minist64,0
432,1,1,1,Minist64,0
433,1,1,1,Minist64,0
434,1,1,1,Minist64,0
435,1,1,1,Minist64,1
436,1,1,1,Minist64,0
437,1,1,1,Minist64,0
438,1,1,1,Minist64,0
439,1,1,1,Minist64,0
440,1,1,1,Minist64,0
441,1,1,1,Minist64,0
442,1,1,1,Minist64,0
443,1,1,1,Minist64,0
444,1,1,1,Minist64,0
445,1,1,1,Minist64,0
446,1,1,1,Minist64,0
447,1,1,1,Minist64,0
448,1,1,1,Minist64,0
449,1,1,1,Minist64,0
450,1,1,1,Minist64,0
451,1,1,1,Minist64,0
452,1,1,1,Minist64,0
453,1,1,1,Minist64,1
454,1,1,1,Minist64,0
455,1,1,1,Minist64,0
456,1,1,1,Minist64,0
457,1,1,1,Minist64,0
458,1,1,1,Minist64,0
459,1,1,1,Minist64,0
460,1,1,1,Minist64,0
461,1,1,1,Minist64,0
462,1,1,1,Minist64,1
463,1,1,1,Minist64,0
464,1,1,1,Minist64,0
465,1,1,1,Minist64,0
466,1,1,1,Minist64,1
467,1,1,1,Minist64,0
468,1,1,1,Minist64,0
469,1,1,1,Minist64,0
470,1,1,1,Minist64,0
471,1,1,1,Minist64,0
472,1,1,1,Minist64,0
473,1,1,1,Minist64,0
474,1,1,1,Minist64,0
475,1,1,1,Minist64,1
476,1,1,1,Minist64,0
477,1,1,1,Minist64,0
478,1,1,1,Minist64,0
479,1,1,1,Minist64,0
480,1,1,1,Minist64,0
481,0,1,1,Minist64,0
482,1,1,1,Minist64,0
483,0,1,1,Minist64,0
484,1,1,1,Minist64,1
485,1,1,1,Minist64,0
486,1,1,1,Minist64,1
487,1,1,1,Minist64,0
488,1,1,1,Minist64,0
489,1,1,1,Minist64,1
490,1,1,1,Minist64,1
491,1,1,1,Minist64,1
492,1,1,1,Minist64,1
493,1,1,1,Minist64,0
494,1,1,1,Minist64,1
495,1,1,1,Minist64,1
496,1,1,1,Minist64,0
497,1,1,1,Minist64,1
498,1,1,1,Minist64,1
499,1,1,1,Minist64,1
500,1,1,1,Minist64,0
501,1,1,1,Minist64,0
502,1,1,1,Minist64,0
503,1,1,1,Minist64,0
504,1,1,1,Minist64,1
505,1,1,1,Minist64,1
506,1,1,1,Minist64,1
507,1,1,1,Minist64,1
508,1,1,1,Minist64,1
509,1,1,1,Minist64,1
510,1,1,1,Minist64,1
511,1,1,1,Minist64,1
512,1,1,1,Minist64,1
513,1,1,1,Minist64,1
514,1,1,1,Minist64,1
515,1,1,1,Minist64,1
516,1,1,1,Minist64,1
517,1,1,1,Minist64,0
518,1,1,1,Minist64,1
519,1,1,1,Minist64,1
520,1,1,1,Minist64,0
521,1,1,1,Minist64,0
522,1,1,1,Minist64,0
523,1,1,1,Minist64,0
524,1,1,1,Minist64,1
525,1,1,1,Minist64,1
526,1,1,1,Minist64,1
527,1,1,1,Minist64,1
528,1,1,1,Minist64,1
529,1,1,1,Minist64,1
530,1,1,1,Minist64,1
531,1,1,1,Minist64,1
532,1,1,1,Minist64,1
533,1,1,1,Minist64,1
534,1,1,1,Minist64,1
535,1,1,1,Minist64,1
536,1,1,1,Minist64,1
537,1,1,1,Minist64,1
538,1,1,1,Minist64,1
539,1,1,1,Minist64,1
540,1,1,1,Minist64,0
541,1,1,1,Minist64,0
542,1,1,1,Minist64,0
543,1,1,1,Minist64,0
544,1,1,1,Minist64,1
545,1,1,1,Minist64,1
546,1,1,1,Minist64,1
547,1,1,1,Minist64,1
548,1,1,1,Minist64,1
549,1,1,1,Minist64,1
550,1,1,1,Minist64,1
551,1,1,1,Minist64,1
552,1,1,1,Minist64,1
553,1,1,1,Minist64,1
554,1,1,1,Minist64,0
555,1,1,1,Minist64,1
556,1,1,1,Minist64,0
557,1,1,1,Minist64,1
558,1,1,1,Minist64,1
559,1,1,1,Minist64,1
560,1,1,1,Minist64,0
561,1,1,1,Minist64,0
562,1,1,1,Minist64,0
563,1,1,1,Minist64,0
564,1,1,1,Minist64,1
565,1,1,1,Minist64,1
566,1,1,1,Minist64,1
567,1,1,1,Minist64,1
568,1,1,1,Minist64,1
569,1,1,1,Minist64,1
570,1,1,1,Minist64,1
571,1,1,1,Minist64,1
572,1,1,1,Minist64,1
573,1,1,1,Minist64,1
574,1,1,1,Minist64,1
575,1,1,1,Minist64,1
576,1,1,1,Minist64,1
577,1,1,1,Minist64,0
578,1,1,1,Minist64,0
579,1,1,1,Minist64,1
580,1,1,1,Minist64,0
581,1,1,1,Minist64,0
582,1,1,1,Minist64,0
583,1,1,1,Minist64,0
584,1,1,1,Minist64,1
585,1,1,1,Minist64,1
586,1,1,1,Minist64,1
587,1,1,1,Minist64,1
588,1,1,1,Minist64,1
589,1,1,1,Minist64,1
590,1,1,1,Minist64,1
591,1,1,1,Minist64,1
592,1,1,1,Minist64,1
593,1,1,1,Minist64,1
594,1,1,1,Minist64,1
595,1,1,1,Minist64,1
596,1,1,1,Minist64,1
597,1,1,1,Minist64,1
598,1,1,1,Minist64,1
599,1,1,1,Minist64,1
600,1,1,1,Minist64,0
601,1,1,1,Minist64,1
602,1,1,1,Minist64,1
603,1,1,1,Minist64,1
604,1,1,1,Minist64,1
605,1,1,1,Minist64,1
606,1,1,1,Minist64,1
607,1,1,1,Minist64,1
608,1,1,1,Minist64,1
609,1,1,1,Minist64,1
610,1,1,1,Minist64,0
611,1,1,1,Minist64,0
612,1,1,1,Minist64,0
613,1,1,1,Minist64,1
614,1,1,1,Minist64,0
615,1,1,1,Minist64,0
616,1,1,1,Minist64,0
617,1,1,1,Minist64,1
618,1,1,1,Minist64,0
619,1,1,1,Minist64,0
620,1,1,1,Minist64,1
621,1,0,1,Minist64,0
622,1,1,1,Minist64,0
623,1,1,1,Minist64,0
624,1,1,1,Minist64,0
625,1,1,1,Minist64,0
626,1,1,1,Minist64,0
627,1,1,1,Minist64,0
628,1,1,1,Minist64,1
629,1,1,1,Minist64,0
630,1,1,1,Minist64,0
631,1,1,1,Minist64,1
632,1,1,1,Minist64,0
633,1,1,1,Minist64,1
634,1,1,1,Minist64,0
635,1,1,1,Minist64,0
636,1,1,1,Minist64,1
637,1,1,1,Minist64,0
638,1,1,1,Minist64,1
639,1,1,1,Minist64,0
640,1,1,1,Minist64,1
641,1,1,1,Minist64,0
642,1,1,1,Minist64,0
643,1,1,1,Minist64,0
644,1,1,1,Minist64,0
645,1,1,1,Minist64,0
646,1,1,1,Minist64,1
647,1,1,1,Minist64,0
648,1,1,1,Minist64,1
649,1,1,1,Minist64,0
650,1,1,1,Minist64,0
651,1,1,1,Minist64,0
652,1,1,1,Minist64,1
653,1,1,1,Minist64,0
654,0,1,1,Minist64,0
655,1,1,1,Minist64,1
656,1,1,1,Minist64,0
657,1,1,1,Minist64,0
658,1,1,1,Minist64,0
659,1,1,1,Minist64,1
660,1,1,1,Minist64,0
661,1,1,1,Minist64,1
662,1,1,1,Minist64,0
663,0,1,1,Minist64,0
664,1,1,1,Minist64,0
665,0,1,1,Minist64,0
666,1,1,1,Minist64,1
667,1,1,1,Minist64,0
668,1,1,1,Minist64,0
669,1,1,1,Minist64,0
670,1,1,1,Minist64,0
671,1,1,1,Minist64,0
672,1,1,1,Minist64,0
673,1,1,1,Minist64,0
674,1,1,1,Minist64,0
675,1,1,1,Minist64,0
676,1,1,1,Minist64,0
677,1,1,1,Minist64,0
678,1,1,1,Minist64,0
679,1,1,1,Minist64,0
680,1,1,1,Minist64,0
681,1,1,1,Minist64,0
682,1,1,1,Minist64,0
683,1,1,1,Minist64,0
684,1,1,1,Minist64,0
685,1,1,1,Minist64,0
686,1,1,1,Minist64,0
687,1,1,1,Minist64,0
688,1,1,1,Minist64,0
689,1,1,1,Minist64,0
690,1,1,1,Minist64,0
691,1,1,1,Minist64,0
692,1,1,1,Minist64,0
693,1,1,1,Minist64,0
694,1,1,1,Minist64,0
695,1,1,1,Minist64,0
696,1,1,1,Minist64,0
697,1,1,1,Minist64,0
698,1,1,1,Minist64,0
699,1,1,1,Minist64,0
700,1,1,1,Minist64,0
701,1,1,1,Minist64,0
702,1,1,1,Minist64,0
703,1,1,1,Minist64,0
704,1,1,1,Minist64,0
705,1,1,1,Minist64,0
706,1,1,1,Minist64,1
707,1,1,1,Minist64,0
708,1,1,1,Minist64,0
709,1,1,1,Minist64,0
710,1,1,1,Minist64,0
711,1,1,1,Minist64,0
712,1,1,1,Minist64,0
713,1,1,1,Minist64,0
714,1,1,1,Minist64,0
715,1,1,1,Minist64,0
716,1,1,1,Minist64,0
717,1,1,1,Minist64,0
718,1,1,1,Minist64,0
719,1,1,1,Minist64,0
720,1,1,1,Minist64,0
721,1,1,1,Minist64,0
722,1,1,1,Minist64,0
723,1,1,1,Minist64,0
724,1,1,1,Minist64,0
725,1,1,1,Minist64,0
726,1,1,1,Minist64,0
727,1,1,1,Minist64,0
728,1,1,1,Minist64,0
729,1,1,1,Minist64,0
730,1,1,1,Minist64,0
731,1,1,1,Minist64,0
732,1,1,1,Minist64,0
733,1,1,1,Minist64,0
734,1,1,1,Minist64,0
735,1,1,1,Minist64,0
736,1,1,1,Minist64,0
737,1,1,1,Minist64,0
738,1,1,1,Minist64,0
739,1,1,1,Minist64,0
740,1,1,1,Minist64,0
741,1,1,1,Minist64,0
742,1,1,1,Minist64,0
743,1,1,1,Minist64,0
744,1,1,1,Minist64,0
745,1,1,1,Minist64,0
746,1,1,1,Minist64,0
747,1,1,1,Minist64,0
748,1,1,1,Minist64,0
749,1,1,1,Minist64,0
750,1,1,1,Minist64,0
751,1,1,1,Minist64,0
752,1,1,1,Minist64,0
753,1,1,1,Minist64,0
754,1,1,1,Minist64,0
755,1,1,1,Minist64,0
756,1,1,1,Minist64,0
757,1,1,1,Minist64,0
758,1,1,1,Minist64,0
759,1,1,1,Minist64,0
760,1,1,1,Minist64,0
761,1,1,1,Minist64,0
762,1,1,1,Minist64,0
763,1,1,1,Minist64,0
764,1,1,1,Minist64,0
765,1,1,1,Minist64,0
766,1,1,1,Minist64,0
767,1,1,1,Minist64,0
768,1,1,1,Minist64,0
769,1,1,1,Minist64,0
770,1,1,1,Minist64,0
771,1,1,1,Minist64,0
772,1,1,1,Minist64,0
773,1,1,1,Minist64,0
774,1,1,1,Minist64,0
775,1,1,1,Minist64,0
776,1,1,1,Minist64,0
777,1,1,1,Minist64,0
778,1,1,1,Minist64,0
779,1,1,1,Minist64,0
780,1,1,1,Minist64,0
781,1,1,1,Minist64,0
782,1,1,1,Minist64,0
783,1,1,1,Minist64,0
784,1,1,1,Minist64,0
785,1,1,1,Minist64,0
786,1,1,1,Minist64,0
787,1,1,1,Minist64,0
788,1,1,1,Minist64,0
789,1,1,1,Minist64,0
790,1,1,1,Minist64,0
791,1,1,1,Minist64,0
792,1,1,1,Minist64,0
793,1,1,1,Minist64,0
794,1,1,1,Minist64,0
795,1,1,1,Minist64,0
796,1,1,1,Minist64,0
797,1,1,1,Minist64,0
798,1,1,1,Minist64,0
799,1,1,1,Minist64,0
800,1,1,1,Minist64,0
801,1,1,1,Minist64,0
802,1,1,1,Minist64,0
803,1,1,1,Minist64,0
804,1,1,1,Minist64,0
805,1,1,1,Minist64,0
806,1,1,1,Minist64,0
807,1,1,1,Minist64,0
808,1,1,1,Minist64,0
809,1,1,1,Minist64,0
810,1,1,1,Minist64,0
811,1,1,1,Minist64,0
812,1,1,1,Minist64,0
813,1,1,1,Minist64,0
814,1,1,1,Minist64,0
815,1,1,1,Minist64,0
816,0,1,1,Minist64,0
817,1,1,1,Minist64,0
818,1,1,1,Minist64,0
819,1,1,1,Minist64,0
820,1,1,1,Minist64,0
821,1,1,1,Minist64,0
822,1,1,1,Minist64,0
823,1,1,1,Minist64,0
824,1,1,1,Minist64,0
825,1,1,1,Minist64,0
826,1,1,1,Minist64,0
827,1,1,1,Minist64,0
828,1,1,1,Minist64,0
829,1,1,1,Minist64,0
830,1,1,1,Minist64,0
831,1,1,1,Minist64,0
832,1,0,0,FMinist16,0
833,1,0,0,FMinist16,0
834,1,0,0,FMinist16,0
835,1,0,0,FMinist16,0
836,1,0,0,FMinist16,0
837,1,0,0,FMinist16,0
838,1,0,0,FMinist16,0
839,1,0,0,FMinist16,0
840,1,0,0,FMinist16,0
841,1,0,0,FMinist16,0
842,1,0,0,FMinist16,0
843,1,0,0,FMinist16,0
844,1,0,0,FMinist16,0
845,1,0,0,FMinist16,0
846,1,0,0,FMinist16,0
847,1,0,0,FMinist16,0
848,1,0,0,FMinist16,0
849,1,0,0,FMinist16,0
850,1,0,0,FMinist16,0
851,1,0,0,FMinist16,0
852,1,0,0,FMinist16,0
853,1,0,0,FMinist16,0
854,1,0,0,FMinist16,0
855,1,0,0,FMinist16,0
856,1,0,0,FMinist16,0
857,1,0,0,FMinist16,0
858,1,0,0,FMinist16,0
859,1,0,0,FMinist16,0
860,1,0,0,FMinist16,0
861,1,0,0,FMinist16,0
862,1,0,0,FMinist16,0
863,1,0,0,FMinist16,0
864,1,0,0,FMinist16,0
865,1,0,0,FMinist16,0
866,1,0,0,FMinist16,0
867,1,0,0,FMinist16,0
868,1,0,0,FMinist16,0
869,1,0,0,FMinist16,0
870,1,0,0,FMinist16,0
871,1,0,0,FMinist16,0
872,1,0,0,FMinist16,0
873,1,0,0,FMinist16,0
874,1,0,0,FMinist16,0
875,1,0,0,FMinist16,0
876,1,0,0,FMinist16,0
877,1,0,0,FMinist16,0
878,1,0,0,FMinist16,0
879,1,0,0,FMinist16,0
880,1,0,0,FMinist16,0
881,1,0,0,FMinist16,0
882,1,0,0,FMinist16,0
883,1,0,0,FMinist16,0
884,1,0,0,FMinist16,0
885,1,0,0,FMinist16,0
886,1,0,0,FMinist16,0
887,1,0,0,FMinist16,0
888,1,0,0,FMinist16,0
889,1,0,0,FMinist16,0
890,1,0,0,FMinist16,0
891,1,0,0,FMinist16,0
892,1,0,0,FMinist16,0
893,1,0,0,FMinist16,0
894,1,0,0,FMinist16,0
895,1,0,0,FMinist16,0
896,1,0,0,FMinist16,0
897,1,0,0,FMinist16,0
898,1,0,0,FMinist16,0
899,1,0,0,FMinist16,0
900,1,0,0,FMinist16,0
901,1,0,0,FMinist16,0
902,1,0,0,FMinist16,0
903,1,0,0,FMinist16,0
904,1,0,0,FMinist16,0
905,1,0,0,FMinist16,0
906,1,0,0,FMinist16,0
907,1,0,0,FMinist16,0
908,1,0,0,FMinist16,0
909,1,0,0,FMinist16,0
910,1,0,0,FMinist16,0
911,1,0,0,FMinist16,0
912,1,0,0,FMinist16,0
913,1,0,0,FMinist16,0
914,1,0,0,FMinist16,0
915,1,0,0,FMinist16,0
916,1,0,0,FMinist16,0
917,1,0,0,FMinist16,0
918,1,0,0,FMinist16,0
919,1,0,0,FMinist16,0
920,1,0,0,FMinist16,0
921,1,0,0,FMinist16,0
922,1,0,0,FMinist16,0
923,1,0,0,FMinist16,0
924,1,0,0,FMinist16,0
925,1,0,0,FMinist16,0
926,1,0,0,FMinist16,0
927,1,0,0,FMinist16,0
928,1,0,0,FMinist16,0
929,1,0,0,FMinist16,0
930,1,0,0,FMinist16,0
931,1,0,0,FMinist16,0
932,1,0,0,FMinist16,0
933,1,0,0,FMinist16,0
934,1,0,0,FMinist16,0
935,1,0,0,FMinist16,0
936,1,0,0,FMinist16,0
937,1,0,0,FMinist16,0
938,1,0,0,FMinist16,0
939,1,0,0,FMinist16,0
940,1,0,0,FMinist16,0
941,1,0,0,FMinist16,0
942,1,0,0,FMinist16,0
943,1,0,0,FMinist16,0
944,1,0,0,FMinist16,0
945,1,0,0,FMinist16,0
946,1,0,0,FMinist16,0
947,1,0,0,FMinist16,0
948,1,0,0,FMinist16,0
949,1,0,0,FMinist16,0
950,1,0,0,FMinist16,0
951,1,0,0,FMinist16,0
952,1,0,0,FMinist16,0
953,1,0,0,FMinist16,0
954,1,0,0,FMinist16,0
955,1,0,0,FMinist16,0
956,1,0,0,FMinist16,0
957,1,0,0,FMinist16,0
958,1,0,0,FMinist16,0
959,1,0,0,FMinist16,0
960,1,0,0,FMinist16,0
961,1,0,0,FMinist16,0
962,1,0,0,FMinist16,0
963,1,0,0,FMinist16,0
964,1,0,0,FMinist16,0
965,1,0,0,FMinist16,0
966,1,0,0,FMinist16,0
967,1,0,0,FMinist16,0
968,1,0,0,FMinist16,0
969,1,0,0,FMinist16,0
970,1,0,0,FMinist16,0
971,1,0,0,FMinist16,0
972,1,0,0,FMinist16,0
973,1,0,0,FMinist16,0
974,1,0,0,FMinist16,0
975,1,0,0,FMinist16,0
976,1,0,0,FMinist16,0
977,1,0,0,FMinist16,0
978,1,0,0,FMinist16,0
979,1,0,0,FMinist16,0
980,1,0,0,FMinist16,0
981,1,0,0,FMinist16,0
982,1,0,0,FMinist16,0
983,1,0,0,FMinist16,0
984,1,0,0,FMinist16,0
985,1,0,0,FMinist16,0
986,1,0,0,FMinist16,0
987,1,0,0,FMinist16,0
988,1,0,0,FMinist16,0
989,1,0,0,FMinist16,0
990,1,0,0,FMinist16,0
991,1,0,0,FMinist16,0
992,1,0,0,FMinist16,0
993,1,0,0,FMinist16,0
994,1,0,0,FMinist16,0
995,1,0,0,FMinist16,0
996,1,0,0,FMinist16,0
997,1,0,0,FMinist16,0
998,1,0,0,FMinist16,0
999,1,0,0,FMinist16,0
1000,1,0,0,FMinist16,0
1001,1,0,0,FMinist16,0
1002,1,0,0,FMinist16,0
1003,1,0,0,FMinist16,0
1004,1,0,0,FMinist16,0
1005,1,0,0,FMinist16,0
1006,1,0,0,FMinist16,0
1007,1,0,0,FMinist16,0
1008,1,0,0,FMinist16,0
1009,1,0,0,FMinist16,0
1010,1,0,0,FMinist16,0
1011,1,0,0,FMinist16,0
1012,1,0,0,FMinist16,0
1013,1,0,0,FMinist16,0
1014,1,0,0,FMinist16,0
1015,1,0,0,FMinist16,0
1016,1,0,0,FMinist16,0
1017,1,0,0,FMinist16,0
1018,1,0,0,FMinist16,0
1019,1,0,0,FMinist16,0
1020,1,0,0,FMinist16,0
1021,1,0,0,FMinist16,0
1022,1,0,0,FMinist16,0
1023,1,0,0,FMinist16,0
1024,1,0,0,FMinist16,0
1025,1,0,0,FMinist16,0
1026,1,0,0,FMinist16,0
1027,1,0,0,FMinist16,0
1028,1,0,0,FMinist16,0
1029,1,0,0,FMinist16,0
1030,1,0,0,FMinist16,0
1031,1,0,0,FMinist16,0
1032,1,0,0,FMinist16,0
1033,1,0,0,FMinist16,0
1034,0,0,0,FMinist16,0
1035,0,0,0,FMinist16,0
1036,1,0,1,FMinist16,0
1037,1,0,0,FMinist16,0
1038,0,1,1,FMinist16,0
1039,1,0,0,FMinist16,0
1040,1,1,0,FMinist16,0
1041,1,0,0,FMinist16,0
1042,1,0,0,FMinist16,0
1043,1,0,0,FMinist16,0
1044,1,0,0,FMinist16,0
1045,1,0,0,FMinist16,0
1046,1,1,0,FMinist16,0
1047,1,0,0,FMinist16,0
1048,1,0,0,FMinist16,0
1049,0,0,0,FMinist16,0
1050,1,0,0,FMinist16,1
1051,1,0,0,FMinist16,0
1052,1,1,0,FMinist16,0
1053,1,1,0,FMinist16,0
1054,1,0,0,FMinist16,0
1055,1,0,0,FMinist16,0
1056,1,0,0,FMinist16,0
1057,1,0,0,FMinist16,0
1058,1,0,0,FMinist16,0
1059,1,1,0,FMinist16,0
1060,1,0,0,FMinist16,0
1061,1,1,0,FMinist16,0
1062,1,0,0,FMinist16,0
1063,0,0,0,FMinist16,0
1064,1,0,0,FMinist16,1
1065,1,0,0,FMinist16,0
1066,1,0,0,FMinist16,0
1067,1,0,0,FMinist16,0
1068,1,0,0,FMinist16,0
1069,1,0,0,FMinist16,0
1070,1,0,0,FMinist16,0
1071,1,0,1,FMinist16,0
1072,1,1,1,FMinist16,0
1073,1,0,0,FMinist16,0
1074,0,1,0,FMinist16,0
1075,1,1,1,FMinist16,0
1076,1,1,1,FMinist16,1
1077,1,1,1,FMinist16,1
1078,1,1,1,FMinist16,1
1079,1,1,1,FMinist16,1
1080,1,0,0,FMinist16,1
1081,1,0,0,FMinist16,0
1082,1,0,0,FMinist16,0
1083,1,0,0,FMinist16,0
1084,1,0,0,FMinist16,0
1085,1,0,0,FMinist16,0
1086,1,0,0,FMinist16,0
1087,1,0,0,FMinist16,0
1088,1,0,0,FMinist16,0
1089,1,0,0,FMinist16,0
1090,1,0,0,FMinist16,0
1091,1,0,0,FMinist16,0
1092,1,0,0,FMinist16,0
1093,1,0,0,FMinist16,0
1094,1,0,0,FMinist16,1
1095,1,0,0,FMinist16,0
1096,1,0,0,FMinist16,0
1097,1,0,0,FMinist16,0
1098,1,0,0,FMinist16,0
1099,1,0,0,FMinist16,0
1100,1,0,0,FMinist16,0
1101,1,0,0,FMinist16,0
1102,1,0,0,FMinist16,0
1103,1,0,0,FMinist16,0
1104,1,1,1,FMinist16,1
1105,1,1,1,FMinist16,1
1106,1,1,1,FMinist16,1
1107,1,1,1,FMinist16,1
1108,1,0,0,FMinist16,0
1109,0,0,0,FMinist16,0
1110,0,0,0,FMinist16,0
1111,0,0,0,FMinist16,0
1112,1,0,0,FMinist16,0
1113,1,0,0,FMinist16,0
1114,1,0,0,FMinist16,0
1115,1,0,0,FMinist16,0
1116,1,0,0,FMinist16,0
1117,1,0,0,FMinist16,1
1118,1,0,0,FMinist16,0
1119,1,0,0,FMinist16,0
1120,1,0,0,FMinist16,0
1121,1,0,0,FMinist16,0
1122,1,0,0,FMinist16,0
1123,1,0,0,FMinist16,1
1124,1,0,0,FMinist16,0
1125,1,0,0,FMinist16,0
1126,1,0,0,FMinist16,0
1127,1,0,0,FMinist16,0
1128,1,0,0,FMinist16,0
1129,1,0,0,FMinist16,0
1130,1,0,0,FMinist16,0
1131,1,0,0,FMinist16,1
1132,1,0,0,FMinist16,0
1133,1,1,0,FMinist16,0
1134,1,1,1,FMinist16,1
1135,1,0,0,FMinist16,0
1136,1,0,0,FMinist16,0
1137,1,1,0,FMinist16,0
1138,1,1,1,FMinist16,1
1139,1,0,0,FMinist32,0
1140,1,0,0,FMinist32,0
1141,1,0,0,FMinist32,0
1142,1,0,0,FMinist32,0
1143,1,0,1,FMinist32,0
1144,1,0,0,FMinist32,0
1145,1,0,0,FMinist32,0
1146,1,0,0,FMinist32,0
1147,1,0,0,FMinist32,0
1148,1,0,1,FMinist32,0
1149,1,0,0,FMinist32,0
1150,1,0,0,FMinist32,0
1151,1,0,0,FMinist32,0
1152,1,0,0,FMinist32,0
1153,1,0,0,FMinist32,0
1154,1,0,0,FMinist32,0
1155,1,0,0,FMinist32,0
1156,1,0,0,FMinist32,0
1157,1,0,1,FMinist32,0
1158,1,0,0,FMinist32,0
1159,1,0,0,FMinist32,0
1160,1,0,0,FMinist32,0
1161,1,0,1,FMinist32,0
1162,1,0,0,FMinist32,0
1163,1,0,0,FMinist32,0
1164,1,0,1,FMinist32,0
1165,1,0,0,FMinist32,0
1166,1,0,0,FMinist32,0
1167,1,0,0,FMinist32,0
1168,1,0,0,FMinist32,0
1169,1,0,0,FMinist32,0
1170,1,0,0,FMinist32,0
1171,1,0,0,FMinist32,0
1172,1,0,0,FMinist32,0
1173,1,0,0,FMinist32,0
1174,1,0,0,FMinist32,0
1175,1,0,0,FMinist32,0
1176,1,0,0,FMinist32,0
1177,1,0,1,FMinist32,0
1178,1,0,0,FMinist32,0
1179,1,0,1,FMinist32,0
1180,1,0,0,FMinist32,0
1181,1,0,1,FMinist32,0
1182,1,0,0,FMinist32,0
1183,1,0,0,FMinist32,0
1184,1,0,0,FMinist32,0
1185,1,0,0,FMinist32,0
1186,1,0,1,FMinist32,0
1187,1,0,0,FMinist32,0
1188,1,0,0,FMinist32,0
1189,1,0,0,FMinist32,0
1190,1,0,0,FMinist32,0
1191,1,0,0,FMinist32,0
1192,1,0,0,FMinist32,0
1193,1,0,0,FMinist32,0
1194,1,0,0,FMinist32,0
1195,1,0,0,FMinist32,0
1196,1,0,0,FMinist32,0
1197,1,0,0,FMinist32,0
1198,1,0,0,FMinist32,0
1199,1,0,0,FMinist32,0
1200,1,0,0,FMinist32,0
1201,1,0,0,FMinist32,0
1202,1,0,0,FMinist32,0
1203,1,0,0,FMinist32,0
1204,1,0,0,FMinist32,0
1205,1,0,0,FMinist32,0
1206,1,0,0,FMinist32,0
1207,1,0,0,FMinist32,0
1208,1,0,0,FMinist32,0
1209,1,0,0,FMinist32,0
1210,1,0,0,FMinist32,0
1211,1,0,0,FMinist32,0
1212,1,0,0,FMinist32,0
1213,1,0,0,FMinist32,0
1214,1,0,0,FMinist32,0
1215,1,0,0,FMinist32,0
1216,1,0,0,FMinist32,0
1217,1,0,1,FMinist32,0
1218,1,0,0,FMinist32,0
1219,1,0,1,FMinist32,0
1220,1,0,0,FMinist32,0
1221,1,0,0,FMinist32,0
1222,1,0,0,FMinist32,0
1223,1,0,0,FMinist32,0
1224,1,0,0,FMinist32,0
1225,1,0,1,FMinist32,0
1226,1,0,0,FMinist32,0
1227,1,0,1,FMinist32,0
1228,1,0,0,FMinist32,0
1229,1,0,1,FMinist32,0
1230,1,0,0,FMinist32,0
1231,1,0,0,FMinist32,0
1232,1,0,1,FMinist32,0
1233,1,0,0,FMinist32,0
1234,1,0,0,FMinist32,0
1235,1,0,1,FMinist32,0
1236,1,0,0,FMinist32,0
1237,1,0,0,FMinist32,0
1238,1,0,0,FMinist32,0
1239,1,0,0,FMinist32,0
1240,1,0,0,FMinist32,0
1241,1,0,0,FMinist32,0
1242,1,0,0,FMinist32,0
1243,1,0,0,FMinist32,0
1244,1,0,0,FMinist32,0
1245,1,0,0,FMinist32,0
1246,1,0,0,FMinist32,0
1247,1,0,0,FMinist32,0
1248,1,0,0,FMinist32,0
1249,1,0,1,FMinist32,0
1250,1,0,0,FMinist32,0
1251,1,0,1,FMinist32,0
1252,1,0,0,FMinist32,0
1253,1,0,0,FMinist32,0
1254,1,0,0,FMinist32,0
1255,1,0,0,FMinist32,0
1256,1,0,0,FMinist32,0
1257,1,0,0,FMinist32,0
1258,1,0,0,FMinist32,0
1259,1,0,0,FMinist32,0
1260,1,0,0,FMinist32,0
1261,1,0,0,FMinist32,0
1262,1,0,0,FMinist32,0
1263,1,0,0,FMinist32,0
1264,1,0,0,FMinist32,0
1265,1,0,0,FMinist32,0
1266,1,0,0,FMinist32,0
1267,1,0,0,FMinist32,0
1268,1,0,0,FMinist32,0
1269,1,0,0,FMinist32,0
1270,1,0,0,FMinist32,0
1271,1,0,0,FMinist32,0
1272,1,0,0,FMinist32,0
1273,1,0,0,FMinist32,0
1274,0,0,0,FMinist32,0
1275,0,0,0,FMinist32,0
1276,0,0,0,FMinist32,0
1277,0,0,0,FMinist32,0
1278,1,0,0,FMinist32,1
1279,1,0,0,FMinist32,0
1280,1,0,0,FMinist32,0
1281,1,0,0,FMinist32,0
1282,1,0,0,FMinist32,0
1283,1,0,0,FMinist32,0
1284,1,0,0,FMinist32,0
1285,1,0,0,FMinist32,0
1286,1,0,0,FMinist32,0
1287,1,0,0,FMinist32,0
1288,1,0,0,FMinist32,0
1289,0,1,1,FMinist32,0
1290,1,1,0,FMinist32,0
1291,1,1,1,FMinist32,0
1292,1,1,1,FMinist32,1
1293,1,1,1,FMinist32,0
1294,1,1,1,FMinist32,0
1295,1,0,0,FMinist32,0
1296,1,1,1,FMinist32,0
1297,1,1,1,FMinist32,0
1298,1,0,0,FMinist32,0
1299,0,1,0,FMinist32,0
1300,1,1,1,FMinist32,0
1301,1,1,1,FMinist32,1
1302,1,1,1,FMinist32,0
1303,1,0,0,FMinist32,0
1304,1,0,1,FMinist32,0
1305,1,1,1,FMinist32,0
1306,1,1,1,FMinist32,0
1307,1,1,1,FMinist32,0
1308,1,1,1,FMinist32,0
1309,1,1,1,FMinist32,0
1310,1,1,0,FMinist32,0
1311,1,1,1,FMinist32,1
1312,1,1,1,FMinist32,0
1313,1,0,0,FMinist32,0
1314,1,0,1,FMinist32,0
1315,1,0,1,FMinist32,0
1316,1,0,1,FMinist32,0
1317,1,0,0,FMinist32,0
1318,1,1,1,FMinist32,0
1319,1,1,1,FMinist32,0
1320,1,1,1,FMinist32,0
1321,1,0,1,FMinist32,0
1322,1,1,1,FMinist32,0
1323,1,1,1,FMinist32,0
1324,1,1,1,FMinist32,0
1325,1,1,1,FMinist32,1
1326,1,1,1,FMinist32,1
1327,1,0,0,FMinist32,0
1328,1,0,0,FMinist32,0
1329,1,0,0,FMinist32,0
1330,1,0,0,FMinist32,0
1331,1,1,1,FMinist32,0
1332,1,1,1,FMinist32,0
1333,1,1,1,FMinist32,0
1334,1,1,1,FMinist32,1
1335,1,0,0,FMinist32,0
1336,1,1,1,FMinist32,0
1337,1,1,1,FMinist32,0
1338,1,1,1,FMinist32,0
1339,1,1,1,FMinist32,1
1340,1,1,0,FMinist32,0
1341,1,0,0,FMinist32,0
1342,1,0,0,FMinist32,0
1343,1,0,0,FMinist32,0
1344,1,0,0,FMinist32,0
1345,1,0,0,FMinist32,0
1346,1,0,0,FMinist32,0
1347,1,0,0,FMinist32,0
1348,1,0,0,FMinist32,0
1349,1,0,0,FMinist32,0
1350,1,0,0,FMinist32,0
1351,1,1,0,FMinist32,0
1352,1,1,0,FMinist32,1
1353,1,0,0,FMinist32,0
1354,1,0,0,FMinist32,0
1355,1,0,0,FMinist32,0
1356,1,0,0,FMinist32,0
1357,1,0,0,FMinist32,0
1358,1,0,0,FMinist32,0
1359,1,0,0,FMinist32,0
1360,1,0,0,FMinist32,0
1361,1,0,0,FMinist32,0
1362,1,0,0,FMinist32,0
1363,1,0,0,FMinist32,0
1364,1,0,0,FMinist32,0
1365,1,0,0,FMinist32,0
1366,1,0,0,FMinist32,0
1367,1,0,0,FMinist32,0
1368,1,0,0,FMinist32,0
1369,1,0,0,FMinist32,0
1370,1,0,0,FMinist32,0
1371,1,0,0,FMinist32,0
1372,1,1,1,FMinist32,1
1373,1,1,1,FMinist32,0
1374,1,1,1,FMinist32,0
1375,1,1,1,FMinist32,0
1376,1,1,0,FMinist32,1
1377,1,1,0,FMinist32,0
1378,1,0,0,FMinist32,0
1379,1,1,1,FMinist32,1
1380,1,1,1,FMinist32,1
1381,1,1,1,FMinist32,1
1382,1,1,1,FMinist32,0
1383,1,1,1,FMinist32,0
1384,1,1,1,FMinist32,0
1385,1,0,0,FMinist32,0
1386,1,0,0,FMinist32,0
1387,1,0,0,FMinist32,0
1388,1,0,0,FMinist32,0
1389,1,0,0,FMinist32,0
1390,1,0,0,FMinist32,0
1391,1,0,0,FMinist32,0
1392,1,0,0,FMinist32,0
1393,1,0,0,FMinist32,0
1394,1,0,0,FMinist32,1
1395,1,0,0,FMinist32,0
1396,1,0,0,FMinist32,0
1397,1,0,0,FMinist32,0
1398,1,0,0,FMinist32,0
1399,1,0,0,FMinist32,0
1400,1,0,0,FMinist32,1
1401,1,0,0,FMinist32,0
1402,1,0,0,FMinist32,0
1403,1,0,0,FMinist32,0
1404,1,0,0,FMinist32,0
1405,1,0,0,FMinist32,0
1406,1,0,0,FMinist32,0
1407,1,0,0,FMinist32,0
1408,1,0,0,FMinist32,0
1409,1,0,0,FMinist32,1
1410,1,0,0,FMinist32,0
1411,1,0,0,FMinist32,0
1412,1,0,0,FMinist32,0
1413,1,0,0,FMinist32,0
1414,1,0,0,FMinist32,0
1415,1,0,0,FMinist32,0
1416,1,0,0,FMinist32,0
1417,1,0,0,FMinist32,0
1418,1,0,0,FMinist32,0
1419,1,0,0,FMinist32,0
1420,1,0,0,FMinist32,1
1421,1,0,0,FMinist32,0
1422,1,0,0,FMinist32,0
1423,1,0,0,FMinist32,0
1424,1,0,0,FMinist32,0
1425,1,0,0,FMinist32,0
1426,1,0,0,FMinist32,0
1427,1,0,0,FMinist32,1
1428,1,0,0,FMinist32,0
1429,1,0,0,FMinist32,0
1430,1,0,0,FMinist32,0
1431,1,0,0,FMinist32,0
1432,1,0,0,FMinist32,1
1433,1,0,0,FMinist32,0
1434,1,0,0,FMinist32,0
1435,1,0,0,FMinist32,1
1436,1,0,0,FMinist32,0
1437,1,0,0,FMinist32,0
1438,1,0,0,FMinist32,0
1439,1,0,0,FMinist32,1
1440,1,1,1,FMinist32,0
1441,1,1,1,FMinist32,0
1442,1,1,1,FMinist32,0
1443,1,0,0,FMinist32,0
1444,1,0,0,FMinist32,0
1445,1,0,0,FMinist32,1
1446,1,0,0,FMinist32,0
1447,1,0,0,FMinist32,0
1448,1,0,0,FMinist32,0
1449,1,0,0,FMinist32,0
1450,1,0,0,FMinist32,1
1451,1,0,0,FMinist32,0
1452,1,0,0,FMinist32,0
1453,1,0,0,FMinist32,0
1454,1,0,0,FMinist32,0
1455,1,0,0,FMinist32,0
1456,1,0,0,FMinist32,1
1457,1,0,0,FMinist32,0
1458,1,0,0,FMinist32,0
1459,1,0,0,FMinist32,1
1460,1,0,0,FMinist32,0
1461,1,0,0,FMinist32,1
1462,1,0,0,FMinist32,0
1463,1,0,0,FMinist32,1
1464,1,0,0,FMinist32,0
1465,1,0,0,FMinist32,0
1466,1,0,0,FMinist32,0
1467,0,0,0,FMinist32,0
1468,0,0,0,FMinist32,0
1469,0,0,0,FMinist32,0
1470,1,0,0,FMinist32,1
1471,1,0,0,FMinist32,0
1472,1,0,0,FMinist32,0
1473,1,0,0,FMinist32,0
1474,1,0,0,FMinist32,0
1475,1,0,0,FMinist32,0
1476,1,0,0,FMinist32,1
1477,1,0,0,FMinist32,1
1478,1,0,0,FMinist32,0
1479,1,0,0,FMinist32,1
1480,1,0,0,FMinist32,0
1481,1,0,0,FMinist32,1
1482,1,0,0,FMinist32,0
1483,1,0,0,FMinist32,0
1484,1,0,0,FMinist32,0
1485,1,0,0,FMinist32,0
1486,1,0,0,FMinist32,1
1487,1,0,0,FMinist32,0
1488,1,0,0,FMinist32,0
1489,1,0,0,FMinist32,0
1490,1,0,0,FMinist32,0
1491,1,0,0,FMinist32,1
1492,1,0,0,FMinist32,0
1493,1,1,0,FMinist32,1
1494,1,0,0,FMinist32,0
1495,1,0,0,FMinist32,0
1496,1,0,0,FMinist32,0
1497,1,0,0,FMinist32,1
1498,1,0,0,FMinist32,0
1499,1,1,1,FMinist32,1
1500,1,1,1,FMinist32,1
1501,1,1,1,FMinist32,0
1502,1,1,1,FMinist32,0
1503,1,1,1,FMinist32,0
1504,1,1,1,FMinist32,1
1505,1,1,1,FMinist32,1
1506,1,1,1,FMinist32,1
1507,1,0,0,FMinist32,1
1508,1,0,1,FMinist32,1
1509,1,0,0,FMinist32,1
1510,1,1,1,FMinist32,0
1511,1,1,1,FMinist32,1
1512,1,1,1,FMinist32,1
1513,1,0,1,FMinist32,0
1514,1,1,1,FMinist32,0
1515,1,1,1,FMinist32,0
1516,1,1,1,FMinist32,0
1517,1,1,1,FMinist32,1
1518,1,1,1,FMinist32,1
1519,1,0,0,FMinist32,1
1520,1,0,0,FMinist32,0
1521,1,0,0,FMinist32,1
1522,1,0,0,FMinist32,1
1523,1,1,1,FMinist32,1
1524,1,1,1,FMinist32,1
1525,1,1,1,FMinist32,1
1526,1,0,0,FMinist64,0
1527,1,0,0,FMinist64,0
1528,1,1,1,FMinist64,1
1529,1,1,1,FMinist64,1
1530,1,0,0,FMinist64,0
1531,1,1,1,FMinist64,0
1532,1,1,1,FMinist64,0
1533,1,1,1,FMinist64,0
1534,1,1,1,FMinist64,1
1535,1,1,1,FMinist64,0
1536,1,0,1,FMinist64,1
1537,1,0,0,FMinist64,0
1538,1,0,0,FMinist64,0
1539,1,1,1,FMinist64,0
1540,1,0,0,FMinist64,0
1541,1,0,0,FMinist64,0
1542,1,0,0,FMinist64,0
1543,1,0,1,FMinist64,1
1544,0,0,0,FMinist64,0
1545,1,0,0,FMinist64,0
1546,1,1,1,FMinist64,0
1547,1,1,1,FMinist64,1
1548,1,1,1,FMinist64,1
1549,1,1,1,FMinist64,0
1550,0,1,1,FMinist64,0
1551,1,0,0,FMinist64,0
1552,1,1,1,FMinist64,0
1553,1,1,1,FMinist64,0
1554,1,1,0,FMinist64,0
1555,1,1,1,FMinist64,0
1556,1,1,1,FMinist64,0
1557,1,0,0,FMinist64,0
1558,1,0,0,FMinist64,0
1559,1,1,1,FMinist64,0
1560,1,1,1,FMinist64,0
1561,1,1,1,FMinist64,1
1562,1,0,0,FMinist64,1
1563,0,0,0,FMinist64,0
1564,1,1,1,FMinist64,1
1565,1,0,0,FMinist64,0
1566,1,1,1,FMinist64,1
1567,1,1,1,FMinist64,1
1568,1,0,0,FMinist64,1
1569,1,0,0,FMinist64,0
1570,0,0,0,FMinist64,0
1571,1,0,0,FMinist64,0
1572,1,1,1,FMinist64,0
1573,1,0,0,FMinist64,0
1574,1,1,1,FMinist64,0
1575,1,1,1,FMinist64,0
1576,1,0,0,FMinist64,0
1577,1,1,1,FMinist64,0
1578,1,1,1,FMinist64,1
1579,1,0,0,FMinist64,0
1580,1,0,0,FMinist64,0
1581,1,1,0,FMinist64,0
1582,1,1,1,FMinist64,0
1583,1,1,1,FMinist64,0
1584,1,0,0,FMinist64,0
1585,1,0,0,FMinist64,1
1586,1,1,1,FMinist64,0
1587,1,1,1,FMinist64,1
1588,1,0,0,FMinist64,0
1589,1,1,1,FMinist64,0
1590,1,0,0,FMinist64,1
1591,1,0,0,FMinist64,0
1592,1,1,1,FMinist64,0
1593,1,0,0,FMinist64,0
1594,1,0,0,FMinist64,0
1595,1,0,0,FMinist64,0
1596,1,1,1,FMinist64,1
1597,0,0,0,FMinist64,0
1598,0,0,0,FMinist64,0
1599,1,0,0,FMinist64,0
1600,1,0,0,FMinist64,0
1601,1,0,0,FMinist64,0
1602,0,0,0,FMinist64,0
1603,1,0,0,FMinist64,0
1604,1,1,1,FMinist64,1
1605,1,1,1,FMinist64,1
1606,1,1,1,FMinist64,0
1607,1,1,1,FMinist64,0
1608,1,1,1,FMinist64,0
1609,1,0,0,FMinist64,0
1610,1,0,0,FMinist64,0
1611,1,0,0,FMinist64,1
1612,0,0,0,FMinist64,0
1613,1,0,0,FMinist64,0
1614,1,1,1,FMinist64,1
1615,1,1,1,FMinist64,1
1616,1,0,0,FMinist64,0
1617,1,1,1,FMinist64,0
1618,1,0,0,FMinist64,0
1619,1,1,1,FMinist64,0
1620,1,1,1,FMinist64,0
1621,1,0,0,FMinist64,1
1622,1,0,0,FMinist64,0
1623,1,1,1,FMinist64,0
1624,1,1,1,FMinist64,0
1625,1,1,1,FMinist64,1
1626,1,0,1,FMinist64,1
1627,1,1,1,FMinist64,0
1628,1,1,1,FMinist64,0
1629,1,0,0,FMinist64,0
1630,1,0,0,FMinist64,0
1631,1,1,1,FMinist64,1
1632,1,0,0,FMinist64,0
1633,1,1,1,FMinist64,0
1634,1,0,0,FMinist64,0
1635,1,0,0,FMinist64,0
1636,1,0,0,FMinist64,1
1637,1,1,1,FMinist64,0
1638,1,1,1,FMinist64,0
1639,1,1,1,FMinist64,0
1640,1,1,1,FMinist64,0
1641,1,0,0,FMinist64,0
1642,1,0,0,FMinist64,0
1643,1,0,0,FMinist64,0
1644,1,1,1,FMinist64,1
1645,1,0,0,FMinist64,0
1646,1,1,1,FMinist64,0
1647,1,0,0,FMinist64,0
1648,1,1,1,FMinist64,0
1649,1,1,1,FMinist64,0
1650,1,1,1,FMinist64,0
1651,1,0,0,FMinist64,0
1652,1,1,1,FMinist64,1
1653,1,1,1,FMinist64,0
1654,0,1,1,FMinist64,0
1655,1,1,1,FMinist64,1
1656,1,0,0,FMinist64,0
1657,1,0,0,FMinist64,0
1658,1,0,0,FMinist64,1
1659,1,1,1,FMinist64,1
1660,1,0,0,FMinist64,0
1661,1,0,0,FMinist64,0
1662,0,0,0,FMinist64,0
1663,1,1,1,FMinist64,0
1664,1,1,0,FMinist64,0
1665,1,1,1,FMinist64,0
1666,1,0,0,FMinist64,0
1667,0,0,0,FMinist64,0
1668,1,0,0,FMinist64,0
1669,1,1,1,FMinist64,0
1670,1,0,0,FMinist64,0
1671,1,1,1,FMinist64,0
1672,0,1,0,FMinist64,0
1673,1,0,0,FMinist64,0
1674,1,0,0,FMinist64,1
1675,1,1,1,FMinist64,0
1676,1,1,1,FMinist64,0
1677,1,0,0,FMinist64,0
1678,1,1,1,FMinist64,1
1679,1,0,0,FMinist64,0
1680,1,1,1,FMinist64,0
1681,1,1,1,FMinist64,1
1682,1,0,0,FMinist64,0
1683,1,0,0,FMinist64,0
1684,1,1,1,FMinist64,0
1685,1,0,1,FMinist64,0
1686,1,0,0,FMinist64,0
1687,1,1,1,FMinist64,0
1688,1,1,1,FMinist64,0
1689,1,0,0,FMinist64,0
1690,1,1,1,FMinist64,0
1691,0,0,0,FMinist64,0
1692,1,1,1,FMinist64,0
1693,1,1,1,FMinist64,1
1694,1,0,0,FMinist64,0
1695,1,0,0,FMinist64,1
1696,0,0,0,FMinist64,0
1697,1,1,1,FMinist64,1
1698,1,1,1,FMinist64,1
1699,0,0,0,FMinist64,0
1700,1,0,0,FMinist64,0
1701,1,1,1,FMinist64,1
1702,1,0,0,FMinist64,0
1703,1,0,0,FMinist64,1
1704,1,0,0,FMinist64,0
1705,1,1,1,FMinist64,0
1706,1,0,0,FMinist64,0
1707,1,1,1,FMinist64,0
1708,1,0,0,FMinist64,1
1709,1,1,1,FMinist64,1
1710,1,1,1,FMinist64,0
1711,1,0,0,FMinist64,0
1712,1,0,0,FMinist64,0
1713,1,0,0,FMinist64,0
1714,1,0,0,FMinist64,0
1715,1,0,0,FMinist64,0
1716,1,1,1,FMinist64,1
1717,1,1,1,FMinist64,0
1718,1,1,1,FMinist64,1
1719,1,0,0,FMinist64,0
1720,1,0,0,FMinist64,0
1721,1,1,1,FMinist64,0
1722,1,1,1,FMinist64,0
1723,1,0,0,FMinist64,0
1724,1,1,0,FMinist64,0
1725,1,0,0,FMinist64,0
1726,1,1,1,FMinist64,1
1727,1,0,0,FMinist64,0
1728,1,1,1,FMinist64,1
1729,1,1,1,FMinist64,0
1730,1,1,1,FMinist64,0
1731,1,0,0,FMinist64,0
1732,1,0,0,FMinist64,1
1733,1,0,0,FMinist64,0
1734,1,1,1,FMinist64,0
1735,1,0,0,FMinist64,0
1736,1,1,1,FMinist64,0
1737,1,1,1,FMinist64,1
1738,1,0,0,FMinist64,0
1739,1,0,0,FMinist64,0
1740,1,1,1,FMinist64,1
1741,1,1,1,FMinist64,0
1742,1,0,0,FMinist64,0
1743,1,0,0,FMinist64,0
1744,1,0,0,FMinist64,0
1745,0,0,0,FMinist64,0
1746,1,0,0,FMinist64,0
1747,1,0,0,FMinist64,0
1748,1,1,1,FMinist64,1
1749,1,0,0,FMinist64,1
1750,1,0,0,FMinist64,0
1751,0,0,0,FMinist64,0
1752,1,1,1,FMinist64,0
1753,1,1,1,FMinist64,0
1754,1,0,0,FMinist64,1
1755,1,0,0,FMinist64,0
1756,1,0,0,FMinist64,0
1757,1,1,1,FMinist64,0
1758,1,0,0,FMinist64,0
1759,1,0,0,FMinist64,0
1760,1,0,0,FMinist64,0
1761,0,0,0,FMinist64,0
1762,1,1,1,FMinist64,0
1763,1,0,0,HAR16,0
1764,1,0,0,HAR16,0
1765,1,1,0,HAR16,0
1766,1,1,1,HAR16,1
1767,1,1,1,HAR16,1
1768,1,0,0,HAR16,0
1769,1,1,1,HAR16,0
1770,1,1,1,HAR16,0
1771,1,1,1,HAR16,0
1772,1,1,1,HAR16,1
1773,1,1,1,HAR16,0
1774,1,0,0,HAR16,0
1775,1,0,0,HAR16,0
1776,1,1,1,HAR16,0
1777,1,0,0,HAR16,0
1778,1,0,0,HAR16,0
1779,1,0,0,HAR16,0
1780,0,0,0,HAR16,0
1781,1,0,0,HAR16,0
1782,1,1,1,HAR16,0
1783,1,1,1,HAR16,1
1784,1,1,1,HAR16,1
1785,1,1,1,HAR16,0
1786,0,1,1,HAR16,0
1787,1,0,0,HAR16,0
1788,1,1,1,HAR16,0
1789,1,1,1,HAR16,0
1790,1,1,1,HAR16,0
1791,1,1,1,HAR16,0
1792,1,0,0,HAR16,0
1793,1,0,0,HAR16,0
1794,1,1,1,HAR16,0
1795,0,1,0,HAR16,0
1796,1,1,1,HAR16,0
1797,1,1,1,HAR16,1
1798,1,0,0,HAR16,1
1799,0,0,0,HAR16,0
1800,1,1,1,HAR16,1
1801,1,0,0,HAR16,0
1802,1,1,1,HAR16,1
1803,1,1,1,HAR16,1
1804,1,0,0,HAR16,1
1805,1,0,0,HAR16,0
1806,0,0,0,HAR16,0
1807,1,0,0,HAR16,0
1808,1,1,1,HAR16,0
1809,1,0,0,HAR16,0
1810,1,1,1,HAR16,0
1811,1,1,1,HAR16,0
1812,1,0,0,HAR16,0
1813,1,1,1,HAR16,0
1814,1,1,1,HAR16,1
1815,1,0,0,HAR16,0
1816,1,0,0,HAR16,0
1817,1,1,1,HAR16,0
1818,1,1,1,HAR16,0
1819,1,0,0,HAR16,0
1820,1,0,0,HAR16,1
1821,1,1,1,HAR16,0
1822,1,1,1,HAR16,1
1823,1,0,0,HAR16,0
1824,1,1,1,HAR16,0
1825,1,0,0,HAR16,1
1826,1,0,0,HAR16,0
1827,1,1,1,HAR16,0
1828,1,0,0,HAR16,0
1829,1,0,0,HAR16,0
1830,1,0,0,HAR16,0
1831,1,1,1,HAR16,1
1832,0,0,0,HAR16,0
1833,0,0,0,HAR16,0
1834,1,0,0,HAR16,0
1835,1,0,0,HAR16,0
1836,1,0,0,HAR16,0
1837,0,0,0,HAR16,0
1838,1,0,0,HAR16,0
1839,1,1,1,HAR16,1
1840,1,1,1,HAR16,1
1841,1,1,1,HAR16,0
1842,1,1,1,HAR16,0
1843,1,1,1,HAR16,0
1844,1,0,0,HAR16,0
1845,1,0,0,HAR16,0
1846,1,0,0,HAR16,1
1847,0,0,0,HAR16,0
1848,1,0,0,HAR16,0
1849,1,1,1,HAR16,1
1850,1,1,1,HAR16,1
1851,1,0,0,HAR16,0
1852,1,1,1,HAR16,0
1853,1,0,0,HAR16,0
1854,1,1,1,HAR16,0
1855,1,1,1,HAR16,0
1856,1,0,0,HAR16,1
1857,1,0,0,HAR16,0
1858,1,1,1,HAR16,0
1859,1,1,1,HAR16,0
1860,1,1,1,HAR16,1
1861,1,1,1,HAR16,0
1862,1,1,1,HAR16,0
1863,1,0,0,HAR16,0
1864,1,0,0,HAR16,0
1865,1,1,1,HAR16,1
1866,1,0,0,HAR16,0
1867,1,1,1,HAR16,0
1868,1,0,0,HAR16,0
1869,1,0,0,HAR16,0
1870,1,0,0,HAR16,1
1871,1,1,1,HAR16,0
1872,1,1,1,HAR16,0
1873,1,1,1,HAR16,0
1874,1,1,1,HAR16,0
1875,1,0,0,HAR16,0
1876,1,0,0,HAR16,0
1877,1,0,1,HAR16,0
1878,1,0,0,HAR16,0
1879,1,1,1,HAR16,1
1880,1,1,0,HAR16,0
1881,1,0,0,HAR16,0
1882,1,1,1,HAR16,0
1883,1,0,0,HAR16,0
1884,1,1,1,HAR16,0
1885,1,1,1,HAR16,0
1886,1,1,1,HAR16,0
1887,1,0,0,HAR16,0
1888,1,1,1,HAR16,1
1889,1,1,1,HAR16,0
1890,0,1,1,HAR16,0
1891,1,1,1,HAR16,1
1892,1,0,0,HAR16,0
1893,1,0,0,HAR16,0
1894,1,0,0,HAR16,1
1895,1,1,1,HAR16,1
1896,1,0,0,HAR16,0
1897,1,0,0,HAR16,0
1898,0,0,0,HAR16,0
1899,1,1,1,HAR16,0
1900,1,1,1,HAR16,0
1901,1,0,0,HAR16,0
1902,0,0,0,HAR16,0
1903,1,0,0,HAR16,0
1904,1,1,0,HAR16,0
1905,1,1,1,HAR16,0
1906,1,0,0,HAR16,0
1907,1,1,1,HAR16,0
1908,1,0,0,HAR16,0
1909,1,0,0,HAR16,1
1910,1,1,1,HAR16,0
1911,1,1,1,HAR16,0
1912,1,0,0,HAR16,0
1913,1,1,1,HAR16,1
1914,1,0,0,HAR16,0
1915,1,1,1,HAR16,0
1916,1,0,1,HAR16,0
1917,1,1,1,HAR16,1
1918,1,0,0,HAR16,0
1919,1,0,0,HAR16,0
1920,1,1,1,HAR16,0
1921,1,0,0,HAR16,0
1922,1,1,1,HAR16,0
1923,1,0,1,HAR16,0
1924,1,1,1,HAR16,0
1925,1,0,0,HAR16,0
1926,1,1,1,HAR16,0
1927,0,0,0,HAR16,0
1928,1,0,1,HAR16,0
1929,1,1,1,HAR16,0
1930,1,1,1,HAR16,1
1931,1,0,0,HAR16,0
1932,1,0,1,HAR16,1
1933,1,0,0,HAR16,1
1934,0,0,0,HAR16,0
1935,1,1,1,HAR16,1
1936,1,1,1,HAR16,1
1937,0,0,0,HAR16,0
1938,1,0,0,HAR16,0
1939,1,1,1,HAR16,1
1940,1,0,0,HAR16,0
1941,1,0,0,HAR16,1
1942,1,0,0,HAR16,0
1943,1,1,1,HAR16,0
1944,1,0,0,HAR16,0
1945,1,1,1,HAR16,0
1946,1,0,0,HAR16,1
1947,1,1,1,HAR16,1
1948,1,1,1,HAR16,0
1949,1,0,0,HAR16,0
1950,1,0,0,HAR16,0
1951,1,0,0,HAR16,0
1952,1,0,0,HAR16,0
1953,1,0,0,HAR16,0
1954,1,1,1,HAR16,1
1955,1,1,1,HAR16,0
1956,1,1,1,HAR16,1
1957,1,0,0,HAR16,0
1958,1,0,0,HAR16,0
1959,1,1,1,HAR16,0
1960,1,1,1,HAR16,0
1961,1,0,0,HAR16,0
1962,1,1,0,HAR16,0
1963,1,0,0,HAR16,0
1964,1,1,1,HAR16,1
1965,1,0,0,HAR16,0
1966,1,1,1,HAR16,1
1967,1,1,1,HAR16,0
1968,1,1,1,HAR16,0
1969,1,0,0,HAR16,0
1970,1,0,0,HAR16,1
1971,1,0,0,HAR16,0
1972,1,1,1,HAR16,0
1973,1,0,0,HAR16,0
1974,1,1,1,HAR16,0
1975,1,1,1,HAR16,1
1976,1,0,0,HAR16,0
1977,1,0,0,HAR16,0
1978,1,1,1,HAR16,1
1979,1,1,1,HAR16,0
1980,1,0,0,HAR16,0
1981,1,0,0,HAR16,0
1982,1,0,0,HAR16,0
1983,0,0,0,HAR16,0
1984,1,0,0,HAR16,0
1985,1,0,0,HAR16,0
1986,1,1,1,HAR16,1
1987,1,0,0,HAR16,1
1988,1,0,0,HAR16,0
1989,0,0,0,HAR16,0
1990,1,1,1,HAR16,0
1991,1,1,1,HAR16,0
1992,1,0,0,HAR16,1
1993,1,0,0,HAR16,0
1994,1,0,0,HAR16,0
1995,1,1,1,HAR16,0
1996,1,0,0,HAR16,0
1997,1,0,1,HAR16,1
1998,1,0,0,HAR16,0
1999,1,0,0,HAR16,0
2000,0,0,0,HAR16,0
2001,1,1,1,HAR16,0
2002,1,0,0,HAR32,0
2003,1,0,0,HAR32,0
2004,1,1,0,HAR32,0
2005,1,1,1,HAR32,1
2006,1,1,1,HAR32,1
2007,1,0,0,HAR32,0
2008,1,1,1,HAR32,0
2009,1,1,1,HAR32,0
2010,1,1,1,HAR32,0
2011,1,1,1,HAR32,1
2012,1,1,1,HAR32,0
2013,1,0,1,HAR32,1
2014,1,0,0,HAR32,0
2015,1,0,0,HAR32,0
2016,1,1,1,HAR32,0
2017,1,0,0,HAR32,0
2018,1,0,0,HAR32,0
2019,1,0,0,HAR32,0
2020,0,0,0,HAR32,0
2021,1,0,0,HAR32,0
2022,1,1,1,HAR32,0
2023,1,1,1,HAR32,1
2024,1,1,1,HAR32,1
2025,1,1,1,HAR32,0
2026,0,1,1,HAR32,0
2027,1,0,0,HAR32,0
2028,1,1,1,HAR32,0
2029,1,1,1,HAR32,0
2030,1,1,0,HAR32,0
2031,1,1,1,HAR32,0
2032,1,1,1,HAR32,0
2033,1,0,0,HAR32,0
2034,1,0,0,HAR32,0
2035,1,1,1,HAR32,0
2036,0,1,0,HAR32,0
2037,1,1,1,HAR32,0
2038,1,1,1,HAR32,1
2039,1,0,0,HAR32,1
2040,0,0,0,HAR32,0
2041,1,1,1,HAR32,1
2042,1,0,0,HAR32,0
2043,1,1,1,HAR32,1
2044,1,1,1,HAR32,1
2045,1,0,0,HAR32,1
2046,1,0,0,HAR32,0
2047,0,0,0,HAR32,0
2048,1,0,0,HAR32,0
2049,1,1,1,HAR32,0
2050,1,0,0,HAR32,0
2051,1,1,1,HAR32,0
2052,1,1,1,HAR32,0
2053,1,0,0,HAR32,0
2054,1,1,1,HAR32,0
2055,1,1,1,HAR32,1
2056,1,0,0,HAR32,0
2057,1,0,0,HAR32,0
2058,1,1,1,HAR32,0
2059,1,1,1,HAR32,0
2060,1,0,0,HAR32,0
2061,1,0,0,HAR32,1
2062,1,1,1,HAR32,0
2063,1,1,1,HAR32,1
2064,1,0,0,HAR32,0
2065,1,1,1,HAR32,0
2066,1,0,0,HAR32,1
2067,1,0,0,HAR32,0
2068,1,1,1,HAR32,0
2069,1,0,0,HAR32,0
2070,1,0,0,HAR32,0
2071,1,0,0,HAR32,0
2072,1,1,1,HAR32,1
2073,0,0,0,HAR32,0
2074,0,0,0,HAR32,0
2075,1,0,0,HAR32,0
2076,1,0,0,HAR32,0
2077,1,0,0,HAR32,0
2078,0,0,0,HAR32,0
2079,1,0,0,HAR32,0
2080,1,1,1,HAR32,1
2081,1,1,1,HAR32,1
2082,1,1,1,HAR32,0
2083,1,1,1,HAR32,0
2084,1,1,1,HAR32,0
2085,1,0,0,HAR32,0
2086,1,0,0,HAR32,0
2087,1,0,0,HAR32,1
2088,0,0,0,HAR32,0
2089,1,0,0,HAR32,0
2090,1,1,1,HAR32,1
2091,1,1,1,HAR32,1
2092,1,0,0,HAR32,0
2093,1,1,1,HAR32,0
2094,1,0,0,HAR32,0
2095,1,1,1,HAR32,0
2096,1,1,1,HAR32,0
2097,1,0,0,HAR32,1
2098,1,1,0,HAR32,0
2099,0,1,0,HAR32,0
2100,1,0,0,HAR32,0
2101,1,1,1,HAR32,0
2102,1,1,1,HAR32,0
2103,1,1,1,HAR32,1
2104,1,1,1,HAR32,0
2105,1,0,1,HAR32,1
2106,1,1,1,HAR32,0
2107,1,0,0,HAR32,0
2108,1,0,0,HAR32,0
2109,1,1,1,HAR32,1
2110,1,0,0,HAR32,0
2111,1,1,1,HAR32,0
2112,1,0,0,HAR32,0
2113,1,0,0,HAR32,0
2114,1,0,0,HAR32,1
2115,1,1,1,HAR32,0
2116,1,1,1,HAR32,0
2117,1,1,1,HAR32,0
2118,1,1,1,HAR32,0
2119,1,0,0,HAR32,0
2120,1,0,0,HAR32,0
2121,1,0,0,HAR32,0
2122,1,1,1,HAR32,1
2123,1,0,0,HAR32,0
2124,1,1,1,HAR32,0
2125,1,0,0,HAR32,0
2126,1,1,1,HAR32,0
2127,1,1,1,HAR32,0
2128,1,1,1,HAR32,0
2129,1,0,0,HAR32,0
2130,1,1,1,HAR32,1
2131,1,1,1,HAR32,0
2132,0,1,1,HAR32,0
2133,1,1,1,HAR32,1
2134,1,0,0,HAR32,0
2135,1,0,0,HAR32,0
2136,1,0,0,HAR32,1
2137,1,1,1,HAR32,1
2138,1,0,0,HAR32,0
2139,1,0,0,HAR32,0
2140,0,1,0,HAR32,0
2141,0,0,0,HAR32,0
2142,1,1,1,HAR32,0
2143,1,1,1,HAR32,0
2144,1,0,0,HAR32,0
2145,0,0,0,HAR32,0
2146,1,0,0,HAR32,0
2147,1,1,1,HAR32,0
2148,1,0,0,HAR32,0
2149,1,1,1,HAR32,0
2150,1,0,0,HAR32,0
2151,1,0,0,HAR32,1
2152,1,1,1,HAR32,0
2153,1,1,1,HAR32,0
2154,1,0,0,HAR32,0
2155,1,1,1,HAR32,1
2156,1,0,0,HAR32,0
2157,1,1,1,HAR32,0
2158,1,1,1,HAR32,1
2159,1,0,0,HAR32,0
2160,1,0,0,HAR32,0
2161,1,1,1,HAR32,0
2162,1,0,0,HAR32,0
2163,1,1,1,HAR32,0
2164,1,1,1,HAR32,0
2165,1,0,0,HAR32,0
2166,1,1,1,HAR32,0
2167,0,0,0,HAR32,0
2168,1,1,1,HAR32,0
2169,1,1,1,HAR32,1
2170,1,0,0,HAR32,0
2171,1,0,0,HAR32,1
2172,0,0,0,HAR32,0
2173,1,1,1,HAR32,1
2174,1,1,1,HAR32,1
2175,0,0,0,HAR32,0
2176,1,0,0,HAR32,0
2177,1,0,1,HAR32,0
2178,1,1,1,HAR32,1
2179,1,0,0,HAR32,0
2180,1,0,0,HAR32,1
2181,1,0,0,HAR32,0
2182,1,1,1,HAR32,0
2183,1,0,0,HAR32,0
2184,1,1,1,HAR32,0
2185,1,0,0,HAR32,1
2186,1,1,1,HAR32,1
2187,1,0,1,HAR32,0
2188,1,1,1,HAR32,0
2189,1,0,0,HAR32,0
2190,1,0,0,HAR32,0
2191,1,0,0,HAR32,0
2192,1,0,0,HAR32,0
2193,1,0,0,HAR32,0
2194,1,1,1,HAR32,1
2195,1,1,1,HAR32,0
2196,1,1,1,HAR32,1
2197,1,0,0,HAR32,0
2198,1,0,1,HAR32,0
2199,1,0,0,HAR32,0
2200,1,1,1,HAR32,0
2201,1,1,1,HAR32,0
2202,1,0,0,HAR32,0
2203,1,0,0,HAR32,0
2204,1,1,1,HAR32,1
2205,1,0,0,HAR32,0
2206,1,1,1,HAR32,1
2207,1,1,1,HAR32,0
2208,1,1,1,HAR32,0
2209,1,0,0,HAR32,0
2210,1,0,0,HAR32,1
2211,1,0,0,HAR32,0
2212,1,1,1,HAR32,0
2213,1,0,0,HAR32,0
2214,1,1,1,HAR32,0
2215,1,1,1,HAR32,1
2216,1,0,0,HAR32,0
2217,1,0,0,HAR32,0
2218,1,1,1,HAR32,1
2219,1,1,1,HAR32,0
2220,1,0,0,HAR32,0
2221,1,0,0,HAR32,0
2222,1,0,0,HAR32,0
2223,0,0,0,HAR32,0
2224,1,0,0,HAR32,0
2225,1,0,0,HAR32,0
2226,1,1,1,HAR32,1
2227,1,0,0,HAR32,1
2228,1,0,0,HAR32,0
2229,0,0,0,HAR32,0
2230,1,1,1,HAR32,0
2231,1,0,1,HAR32,1
2232,1,1,1,HAR32,0
2233,1,0,0,HAR32,1
2234,1,0,0,HAR32,0
2235,1,0,0,HAR32,0
2236,1,1,1,HAR32,0
2237,1,0,0,HAR32,0
2238,1,0,0,HAR32,0
2239,1,0,0,HAR32,0
2240,0,0,0,HAR32,0
2241,1,1,1,HAR32,0
2242,1,0,0,HAR64,0
2243,1,0,0,HAR64,0
2244,1,1,1,HAR64,1
2245,1,1,1,HAR64,1
2246,1,0,0,HAR64,0
2247,1,1,1,HAR64,0
2248,1,1,1,HAR64,0
2249,1,1,1,HAR64,0
2250,1,1,1,HAR64,1
2251,1,1,1,HAR64,0
2252,1,0,0,HAR64,0
2253,1,0,0,HAR64,0
2254,1,1,1,HAR64,0
2255,1,0,0,HAR64,0
2256,1,0,0,HAR64,0
2257,1,0,0,HAR64,0
2258,0,0,0,HAR64,0
2259,1,0,0,HAR64,0
2260,1,1,1,HAR64,0
2261,1,1,1,HAR64,1
2262,1,1,1,HAR64,1
2263,1,1,1,HAR64,0
2264,0,1,1,HAR64,0
2265,1,0,0,HAR64,0
2266,1,1,1,HAR64,0
2267,1,1,1,HAR64,0
2268,1,1,1,HAR64,0
2269,1,1,1,HAR64,0
2270,1,0,0,HAR64,0
2271,1,0,0,HAR64,0
2272,1,1,1,HAR64,0
2273,1,1,1,HAR64,0
2274,1,1,1,HAR64,1
2275,1,0,0,HAR64,1
2276,0,0,0,HAR64,0
2277,1,1,1,HAR64,1
2278,1,0,0,HAR64,0
2279,1,1,1,HAR64,1
2280,1,1,1,HAR64,1
2281,1,0,0,HAR64,1
2282,1,0,0,HAR64,0
2283,0,0,0,HAR64,0
2284,1,0,0,HAR64,0
2285,1,1,1,HAR64,0
2286,1,0,0,HAR64,0
2287,1,1,1,HAR64,0
2288,1,1,1,HAR64,0
2289,1,0,0,HAR64,0
2290,1,1,1,HAR64,0
2291,1,1,1,HAR64,1
2292,1,0,0,HAR64,0
2293,1,0,0,HAR64,0
2294,1,1,1,HAR64,0
2295,1,1,1,HAR64,0
2296,1,0,0,HAR64,0
2297,1,0,0,HAR64,1
2298,1,1,1,HAR64,0
2299,1,1,1,HAR64,1
2300,1,0,0,HAR64,0
2301,1,1,1,HAR64,0
2302,1,0,0,HAR64,1
2303,1,0,0,HAR64,0
2304,1,1,1,HAR64,0
2305,1,0,0,HAR64,0
2306,1,0,0,HAR64,0
2307,1,0,0,HAR64,0
2308,1,1,1,HAR64,1
2309,0,0,0,HAR64,0
2310,0,0,0,HAR64,0
2311,1,0,0,HAR64,0
2312,1,0,0,HAR64,0
2313,1,0,0,HAR64,0
2314,0,0,0,HAR64,0
2315,1,0,0,HAR64,0
2316,1,1,1,HAR64,1
2317,1,1,1,HAR64,1
2318,1,1,1,HAR64,0
2319,1,1,1,HAR64,0
2320,1,1,1,HAR64,0
2321,1,0,0,HAR64,0
2322,1,0,0,HAR64,0
2323,1,0,0,HAR64,1
2324,0,0,0,HAR64,0
2325,1,0,0,HAR64,0
2326,1,1,1,HAR64,1
2327,1,1,1,HAR64,1
2328,1,0,0,HAR64,0
2329,1,1,1,HAR64,0
2330,1,0,0,HAR64,0
2331,1,1,1,HAR64,0
2332,1,1,1,HAR64,0
2333,1,0,0,HAR64,1
2334,1,1,0,HAR64,0
2335,0,1,0,HAR64,0
2336,1,0,0,HAR64,0
2337,1,1,1,HAR64,0
2338,1,1,1,HAR64,0
2339,1,1,1,HAR64,1
2340,1,1,1,HAR64,0
2341,0,1,0,HAR64,0
2342,1,1,1,HAR64,0
2343,1,0,0,HAR64,0
2344,1,0,0,HAR64,0
2345,1,1,1,HAR64,1
2346,1,0,0,HAR64,0
2347,1,1,1,HAR64,0
2348,1,0,0,HAR64,0
2349,1,0,0,HAR64,0
2350,1,0,0,HAR64,1
2351,1,1,1,HAR64,0
2352,1,1,1,HAR64,0
2353,1,1,1,HAR64,0
2354,1,1,1,HAR64,0
2355,1,0,0,HAR64,0
2356,1,0,0,HAR64,0
2357,1,0,0,HAR64,0
2358,1,1,1,HAR64,1
2359,1,1,0,HAR64,0
2360,1,0,0,HAR64,0
2361,1,1,1,HAR64,0
2362,1,0,0,HAR64,0
2363,1,1,1,HAR64,0
2364,1,1,1,HAR64,0
2365,1,1,1,HAR64,0
2366,1,0,0,HAR64,0
2367,1,1,1,HAR64,1
2368,1,1,1,HAR64,0
2369,0,1,1,HAR64,0
2370,1,1,1,HAR64,1
2371,1,0,0,HAR64,0
2372,1,0,0,HAR64,0
2373,1,0,0,HAR64,1
2374,1,1,1,HAR64,1
2375,1,0,0,HAR64,0
2376,1,0,0,HAR64,0
2377,0,1,0,HAR64,0
2378,0,0,0,HAR64,0
2379,1,1,1,HAR64,0
2380,1,1,0,HAR64,0
2381,1,1,1,HAR64,0
2382,1,0,0,HAR64,0
2383,0,0,0,HAR64,0
2384,1,0,0,HAR64,0
2385,1,1,1,HAR64,0
2386,1,0,0,HAR64,0
2387,1,1,1,HAR64,0
2388,1,0,0,HAR64,0
2389,1,0,0,HAR64,1
2390,1,1,1,HAR64,0
2391,1,1,1,HAR64,0
2392,1,0,0,HAR64,0
2393,1,1,1,HAR64,1
2394,1,0,0,HAR64,0
2395,1,1,1,HAR64,0
2396,1,1,1,HAR64,1
2397,1,0,0,HAR64,0
2398,1,0,0,HAR64,0
2399,1,1,1,HAR64,0
2400,1,0,0,HAR64,0
2401,1,1,1,HAR64,0
2402,1,1,1,HAR64,0
2403,1,0,0,HAR64,0
2404,1,1,1,HAR64,0
2405,0,0,0,HAR64,0
2406,1,1,1,HAR64,0
2407,1,1,1,HAR64,1
2408,1,0,0,HAR64,0
2409,1,0,1,HAR64,1
2410,1,0,0,HAR64,1
2411,0,0,0,HAR64,0
2412,1,1,1,HAR64,1
2413,1,0,1,HAR64,1
2414,1,1,1,HAR64,1
2415,0,0,0,HAR64,0
2416,1,0,0,HAR64,0
2417,1,1,1,HAR64,1
2418,1,0,1,HAR64,0
2419,1,0,0,HAR64,0
2420,1,0,0,HAR64,1
2421,1,0,0,HAR64,0
2422,1,1,1,HAR64,0
2423,1,0,0,HAR64,0
2424,1,1,1,HAR64,0
2425,1,0,0,HAR64,1
2426,1,1,1,HAR64,1
2427,1,1,1,HAR64,0
2428,1,0,0,HAR64,0
2429,1,0,0,HAR64,0
2430,1,0,0,HAR64,0
2431,1,0,0,HAR64,0
2432,1,0,0,HAR64,0
2433,1,1,1,HAR64,1
2434,1,1,1,HAR64,0
2435,1,1,1,HAR64,1
2436,1,0,0,HAR64,0
2437,1,0,0,HAR64,0
2438,1,1,1,HAR64,0
2439,1,1,1,HAR64,0
2440,1,0,0,HAR64,0
2441,1,1,0,HAR64,0
2442,1,0,0,HAR64,0
2443,1,1,1,HAR64,1
2444,1,0,0,HAR64,0
2445,1,1,1,HAR64,1
2446,1,1,1,HAR64,0
2447,1,1,1,HAR64,0
2448,1,0,0,HAR64,0
2449,1,0,0,HAR64,1
2450,1,0,0,HAR64,0
2451,1,1,1,HAR64,0
2452,1,0,0,HAR64,0
2453,1,1,1,HAR64,0
2454,1,1,1,HAR64,1
2455,1,0,0,HAR64,0
2456,1,0,0,HAR64,0
2457,1,1,1,HAR64,1
2458,1,1,1,HAR64,0
2459,1,0,0,HAR64,0
2460,1,0,0,HAR64,0
2461,1,0,0,HAR64,0
2462,0,0,0,HAR64,0
2463,1,0,0,HAR64,0
2464,1,0,0,HAR64,0
2465,1,1,1,HAR64,1
2466,1,0,0,HAR64,1
2467,1,0,0,HAR64,0
2468,0,0,0,HAR64,0
2469,1,1,1,HAR64,0
2470,1,1,1,HAR64,0
2471,1,0,0,HAR64,1
2472,1,0,0,HAR64,0
2473,1,0,0,HAR64,0
2474,1,1,1,HAR64,0
2475,1,0,0,HAR64,0
2476,1,0,0,HAR64,0
2477,1,0,0,HAR64,0
2478,0,0,0,HAR64,0
2479,1,1,1,HAR64,0
